resi	pos	count	mean_A107_score	mean_A214_score	mean_A218_score
T883	883	14	1.7362831830699788	1.5906766814414959	1.694339439302832
S884	884	17	1.588171001554041	1.5328240099585024	1.4751875149526998
G885	885	10	0.6032485684267758	0.4993937013693488	0.5183172984801612
W886	886	14	1.5518406771448603	1.415271048329099	1.4473342171930637
T887	887	18	1.548434788462344	1.5151072385922415	1.507697055476506
F888	888	2	1.845823930124481	1.8838128424020189	1.6992429639594597
G889	889	18	1.1990685358807398	1.2700639464805854	1.2223941650696755
A890	890	11	0.651877888156757	0.6215925355356116	0.6642026074064721
G891	891	11	0.660266994236054	0.7537012415857723	0.6985579277857067
A892	892	17	1.5818271376893516	1.4202427147552628	1.5287868861219716
A893	893	9	1.0520684137350065	0.884157406038175	0.9346280439569293
L894	894	15	1.4601345109795445	1.3665112799545234	1.3484715315524087
Q895	895	16	1.0048562353468518	1.177036827392621	1.067966455503013
I896	896	7	0.14961038197272042	0.02575783336168442	0.19245769445904173
P897	897	18	0.9014685872262714	0.9246728072688164	0.8643254080845948
F898	898	15	0.7160220128418789	0.5973837215470376	0.6208979621922806
A899	899	10	0.9616784872506463	0.8198448058760827	0.9221936734260547
M900	900	11	0.6346086648749443	0.5577312247425281	0.591480088073541
Q901	901	10	1.1566721086740726	1.3280587929417624	1.1275321535533953
M902	902	7	1.3333848111395261	1.15212797087734	1.346874313843996
A903	903	13	0.3727544656483641	0.2835780385000629	0.37534349814564966
Y904	904	7	1.082726218485218	1.0030814937421348	1.0415897183674498
R905	905	18	0.9964306129770478	1.036703679278783	1.1474591952854305
F906	906	5	0.2804440245683518	0.33773095475068926	0.3846717656305449
N907	907	9	0.9311950540452177	0.9503840403882068	1.0290189101593008
G908	908	13	1.3951370628965674	1.3014468324738258	1.3903055607676813
I909	909	15	0.7228191966165528	0.6821529642186495	0.6062450033838277
G910	910	15	1.040345512928276	1.0732641057735468	1.0498477065147989
V911	911	12	0.7774156578164239	0.6892137119559184	0.6777100413285577
T912	912	11	1.0791389463101233	1.1215555889610553	1.134014232429208
Q913	913	16	0.9910398313421356	1.088936072714577	0.9909840391119838
N914	914	10	0.6931659873613502	0.6169741886274984	0.6527468606608491
V915	915	13	0.7781244455348655	0.842866385777614	0.8316114121452085
L916	916	14	0.9845670929940527	0.9144824151935426	0.9492930496340403
Y917	917	13	1.0911933732093613	1.0344408504123845	1.0150971050448592
E918	918	16	0.9718425099509982	1.0153639368159892	1.1131841950356038
N919	919	11	1.0075307232442277	0.9129919501107708	0.8672057456654212
Q920	920	14	0.9834436034638351	0.9712124839697365	0.9571360216998588
K921	921	19	1.0738055826232182	1.0044495327493284	1.0154109382764336
L922	922	16	1.240264013421174	1.2021550284135234	1.267894758626957
I923	923	12	0.6745315638172126	0.5863727860869828	0.6384321570842464
A924	924	13	0.6859582775982834	0.7454286487174613	0.666339321598466
N925	925	16	1.3025793707916922	1.2329835756411966	1.158946700892026
Q926	926	15	1.2606762673248992	1.0922684843297221	1.1916158559134193
F927	927	19	0.5793392948025474	0.6365310480888183	0.5944374400260406
N928	928	10	1.7816410151934199	1.7229955261971959	1.7628455620014236
S929	929	17	0.7519955454225821	0.7558598902246694	0.8124002554735051
A930	930	12	1.0108366533581472	0.9002279153547358	0.9557109151767987
I931	931	9	0.2932780483051738	0.2433050634863836	0.3105113267206718
G932	932	7	1.5203501374075716	1.4227144153809321	1.4551790822704673
K933	933	14	0.7732850014589747	0.679676939947114	0.7282043251688785
I934	934	10	-0.04400828003650604	0.04777534645221086	-0.02220619864071488
Q935	935	11	1.2702230201108125	1.1997533746284208	1.2182143619282189
D936	936	12	0.29325654835937814	0.24169479925661766	0.23170590332814078
S937	937	15	1.0498387475986444	1.0162811428521834	1.0542173920700328
L938	938	8	0.5144672870752202	0.45510115485772534	0.5691340194657054
S939	939	7	1.2333817610505968	1.130282220284495	1.1289994532195984
S940	940	10	0.8861772287559855	0.9889465303875851	0.8361500637436599
T941	941	5	2.009624853145466	1.9302100396186053	2.0399202760778468
A942	942	14	1.3130043830426865	1.2268188524340806	1.2225795793021046
S943	943	10	0.9088673532743015	0.9425686695116215	0.7100515392413163
A944	944	16	1.4822095944033942	1.3328749269451186	1.3830083986372723
L945	945	19	0.924872393365575	0.8732005375674321	0.8548700232858898
G946	946	12	0.8568716974130529	0.7645621673638576	0.8463236875306118
K947	947	11	0.832904363286958	0.6766702938018417	0.7417633452682417
L948	948	17	0.7837491015433997	0.7533174434597193	0.7526149746006887
Q949	949	14	1.6193372983674235	1.3402756478104714	1.4281456485693362
D950	950	13	0.920547993310441	0.9132401790446825	0.9253672459382922
V951	951	17	0.9880947567926055	1.0156089499617937	1.025150065035084
V952	952	16	0.7003227663434455	0.6440695956328887	0.726638081680362
N953	953	8	0.46857202795916025	0.4291153483629734	0.48591530525502813
Q954	954	12	0.6087326223763917	0.5635084352577907	0.40689765491451024
N955	955	15	1.2738146428212052	1.0907467980029864	1.1896365820353094
A956	956	15	1.115389820186665	1.087986837807268	1.0857638578836812
Q957	957	18	1.2542595858519168	1.2515705896704667	1.1369328051698115
A958	958	19	0.6830769731915861	0.728648003318767	0.6277206477742034
L959	959	13	0.929167271042634	0.8801550943021942	0.8763247534980553
N960	960	10	1.334823013390181	1.1733145447353253	1.2837788589027086
T961	961	13	0.9614214739215862	0.8472362186402	0.7574934308742053
L962	962	11	0.595707017729691	0.543280439293791	0.546294035633224
V963	963	17	0.9231181083612464	0.8834511978001056	0.9726373937843519
K964	964	11	0.8863910352371716	0.7957137970698405	0.8520499493177472
Q965	965	18	1.1296662457484596	1.0504287538971981	1.0190184812987373
L966	966	15	0.9033524946954936	0.9372132265398444	1.0176085242933037
S967	967	12	0.9621015533403882	0.9459798701622987	0.9626666814003624
S968	968	11	0.8484826882379302	0.8197398838654645	0.7971648306370827
N969	969	10	0.7369778139744462	0.6006066847845981	0.5807319203319449
F970	970	14	0.9900289142365848	0.9498579611691412	0.9822847142774096
G971	971	14	0.5022492043151526	0.43918875182405376	0.4844305506003197
A972	972	14	0.8411798315360138	0.8022387163339202	0.7820838361533701
I973	973	11	0.33391187837703523	0.23730672100177105	0.28582173280416223
S974	974	14	1.1332404090540267	1.1491979960642358	1.1689756661952213
S975	975	18	0.8725537986287882	0.811792722323469	0.8570691137986554
V976	976	15	0.8947306583197824	0.7949226494614502	0.8376526876514956
L977	977	13	0.9761441143748684	0.7996262873334371	0.9040173311295662
N978	978	10	0.7476680616834339	0.7622258292553179	0.7177208111249156
D979	979	11	0.34931642903895105	0.39877183021169516	0.3175388561067187
I980	980	13	0.6729819697052848	0.7180357321025574	0.7773701463818067
L981	981	13	1.2807010455036367	1.1049096159032483	1.2597068403579605
S982	982	10	2.1270856632917114	2.081433482517542	2.0537526986253263
R983	983	15	1.0327158781376182	1.1652618824110836	1.0312320679760298
L984	984	17	1.4621794165548259	1.4626811821742889	1.5156873385650242
D985	985	9	0.6866803122829217	0.6100659533554901	0.7353909262712798
K986	986	14	0.7386997165170631	0.6069383526200591	0.767373351283683
V987	987	12	1.4412148157869755	1.2542106886809756	1.3162845944748247
E988	988	14	0.3524764394827208	0.3587524240483577	0.3625316633725798
A989	989	17	0.6926497277326549	0.6920909611875624	0.624468050721071
E990	990	12	1.5866687825518426	1.4428074392638432	1.4381519413838137
V991	991	16	0.710989402295379	0.7304294065550399	0.7404184589638119
Q992	992	15	-0.07042398837642534	-0.07764765545694981	-0.07573932378842183
I993	993	10	0.4572613691146567	0.4532976933424834	0.32137486420491135
D994	994	13	0.5178735375458338	0.51753658186293	0.6502624991877093
R995	995	18	0.44272386518483636	0.3848916672948681	0.45096132010742296
L996	996	18	0.5528264287985922	0.409806112805408	0.4452670049075595
I997	997	13	1.1640706822449984	1.1175010796050422	1.0738957111680851
T998	998	17	0.5515256508469398	0.46048668716898106	0.6188376225433281
G999	999	13	0.5621156731168284	0.4889876783850183	0.5897963173089759
R1000	1000	15	1.0009062248914402	0.9643822094532687	0.9596219576521986
L1001	1001	12	1.4235843331363665	1.3703061075923255	1.3257956674140392
Q1002	1002	9	1.6117984414026525	1.5124143101305039	1.5859475306482684
S1003	1003	13	1.2726562380333217	1.0090034553909937	1.0596229678593143
L1004	1004	11	0.791112251783828	0.8304352103782865	0.6994883612867411
Q1005	1005	16	0.6308527935975667	0.6064250640625539	0.6611469590591884
T1006	1006	16	1.474031090177028	1.4266236421060494	1.4232957169256981
Y1007	1007	11	1.557704594675542	1.4102123172895282	1.4118180270675695
V1008	1008	12	1.1279126243397635	1.102902909449451	1.182339607540632
T1009	1009	15	1.185902933030307	1.0411428396065172	1.14242178192736
Q1010	1010	12	1.2379184507137633	1.2101645367502945	1.2085529793704382
Q1011	1011	6	0.7108349244002573	0.6947482390100416	0.5987700342995198
L1012	1012	17	0.9407908429053788	0.8985105113104878	0.9112313128367024
I1013	1013	12	1.4754887393481713	1.4007797247688882	1.4423855719559455
R1014	1014	6	0.8333963669227124	0.8755964317920307	0.7201820639724027
A1015	1015	8	0.3340122406816676	0.13560640948128747	0.06229329872040246
A1016	1016	8	0.40448946580333917	0.44922808758168087	0.3798869960969206
E1017	1017	11	1.4831829991922887	1.3449209142580498	1.281628228112472
I1018	1018	3	-0.24060626484469805	-0.22937533268251767	-0.28293438847375363
R1019	1019	13	1.1811790879510513	1.1684441111579504	1.1728800456302244
A1020	1020	16	0.5342000875917003	0.661127649313791	0.5329732267718925
S1021	1021	18	0.6409943400836512	0.558594676700381	0.6423843094057267
A1022	1022	14	0.6802256271050171	0.6830394498537566	0.5984863314996004
N1023	1023	11	0.7763138597026132	0.6420098418371133	0.730348665448771
L1024	1024	12	0.8378774491090359	0.924820312111201	0.8760444466804249
A1025	1025	9	0.2805576483158515	0.2623430703140744	0.37474241419884063
A1026	1026	9	0.8608825995712643	0.8040231965584916	1.0374925898601122
T1027	1027	15	1.4179489644300125	1.3093834564272808	1.3811838726058525
K1028	1028	8	1.2640492339713658	1.2432125398130445	1.1554067023582113
M1029	1029	7	-0.0512191366758285	-0.050141499543692084	0.0548574675149336
S1030	1030	12	0.7182571999884176	0.6285500300829722	0.5718657447126329
E1031	1031	8	0.250073754479247	0.22820906146136385	0.3360068745997183
C1032	1032	10	0.6756925389095846	0.38986451572269804	0.5587335689360529
V1033	1033	13	0.526057846360134	0.4897713590877914	0.5410237843591847
L1034	1034	11	1.1645325011448215	1.1380349914000105	1.1401932342740848
