resi	mean_adjust_bind	pos
T883	0.5013226139358173	883
S884	0.49406520281063004	884
G885	-0.29363842687337155	885
W886	0.12597691216748488	886
T887	0.44333264387937665	887
F888	-0.08043742831906497	888
G889	0.11856630914410163	889
A890	-0.34837589410251263	890
G891	-0.0755539101257435	891
A892	-0.08021144670843273	892
A893	-0.008337662021620543	893
L894	0.1608781803269574	894
Q895	-0.079909969447541	895
I896	-0.6669734290507803	896
P897	-0.06471517599179338	897
F898	-0.04321591006194348	898
A899	-0.05869464190780756	899
M900	-0.4549797551086747	900
Q901	0.1176433255192711	901
M902	-0.02170733136861485	902
A903	-0.31656255799925714	903
Y904	-0.1710075538333711	904
R905	0.12739341381510444	905
F906	-0.27811886567000454	906
N907	-0.07859058852021801	907
G908	0.05400174248464747	908
I909	-0.23925318931299652	909
G910	0.23945587455426573	910
V911	-0.3201865116695955	911
T912	0.04524751259666802	912
Q913	0.007983958732180947	913
N914	-0.1508132684573505	914
V915	-0.0644101952205507	915
L916	0.1288034846130248	916
Y917	0.05311727513751316	917
E918	-0.08665280876229989	918
N919	0.049871384539181524	919
Q920	-0.05984640297938946	920
K921	0.005545514472801932	921
L922	0.04105546643569506	922
I923	-0.15379800780524533	923
A924	-0.16013532047130433	924
N925	0.16713713647590728	925
Q926	0.17391691623028757	926
F927	-0.335029987653407	927
N928	0.9097336082989997	928
S929	-0.2950125070964616	929
A930	0.31946997464248666	930
I931	-0.5551411722132864	931
G932	-0.02946522109123381	932
K933	-0.24573258918681243	933
I934	-0.7195291266964907	934
Q935	-0.2918050052419366	935
D936	-0.6327309192716909	936
S937	-0.14259920414228644	937
L938	-0.13382521626031574	938
S939	0.07869847940420842	939
S940	-0.19966820034251825	940
T941	0.22948283220822185	941
A942	-0.017400946417919973	942
S943	-0.16593584868701272	943
A944	0.1498845262505865	944
L945	-0.13178846486405363	945
G946	-0.151812422793887	946
K947	-0.23694779216076967	947
L948	-0.14065561570894491	948
Q949	0.317524437110744	949
D950	0.009668841591090067	950
V951	0.1767616503366837	951
V952	-0.27646737146624073	952
N953	-0.4912156535496783	953
Q954	-0.457488671156611	954
N955	0.09026975849089908	955
A956	0.13387150507869552	956
Q957	0.19548702379424593	957
A958	-0.20615393249557548	958
L959	-0.049624538162262456	959
N960	-0.08959789505178124	960
T961	-0.3218094112901661	961
L962	-0.25555448705288447	962
V963	-0.1090707195654813	963
K964	-0.3029086020041125	964
Q965	0.2369909165921808	965
L966	0.10854667763910252	966
S967	0.06254908448836133	967
S968	-0.22743831284149063	968
N969	-0.27769134434221965	969
F970	0.1839149591404958	970
G971	-0.2382111820720151	971
A972	-0.00450707441902638	972
I973	-0.47018119418828586	973
S974	0.21328096762634055	974
S975	-0.1527543527886524	975
V976	-0.5004260134546056	976
L977	-0.18749055943584442	977
N978	-0.4499999954557322	978
D979	-0.43893776944238944	979
I980	-0.2068452249778311	980
L981	0.20198602312089756	981
S982	1.0229181031242196	982
R983	-0.15298238440079232	983
L984	0.33718167728777726	984
D985	-0.2595508670030621	985
K986	-0.5090517809109054	986
V987	-0.08063341498414935	987
E988	-0.6310400161901939	988
A989	-0.2091807056268756	989
E990	-0.07842081786622634	990
V991	-0.3776175712030089	991
Q992	-0.7559333540117025	992
I993	-0.36555000324084985	993
D994	-0.7224965611125517	994
R995	-0.8134720261568099	995
L996	-0.4199777300311954	996
I997	0.26790275822339393	997
T998	-0.5949829281860415	998
G999	-0.4174746064341321	999
R1000	-0.015128034718548592	1000
L1001	0.3781497504035674	1001
Q1002	0.4370363003128618	1002
S1003	0.2590814313148609	1003
L1004	-0.0882481562878008	1004
Q1005	-0.3098777005674914	1005
T1006	0.15306113266711355	1006
Y1007	0.5137831800978844	1007
V1008	0.26953311676701647	1008
T1009	-0.04097839237194288	1009
Q1010	0.058820187547494	1010
Q1011	-0.06499079417298019	1011
L1012	-0.10708853091218051	1012
I1013	0.24411892905981866	1013
R1014	-0.0004078742269334884	1014
A1015	-0.6220845236022035	1015
A1016	-0.40747234887798334	1016
E1017	0.37985891488855084	1017
I1018	-1.0178275258479734	1018
R1019	0.4867272450791657	1019
A1020	-0.32467436073689876	1020
S1021	-0.369502550742054	1021
A1022	-0.2757983306123972	1022
N1023	-0.40016789707755507	1023
L1024	-0.06464708102214207	1024
A1025	-0.4865028321680744	1025
A1026	-0.012967777756767211	1026
T1027	0.2585603268502811	1027
K1028	0.3461670473029463	1028
M1029	-0.5133647827722968	1029
S1030	-0.1680139548657729	1030
E1031	-0.6802933016693588	1031
C1032	-0.08415264861546964	1032
V1033	-0.2849567380420576	1033
L1034	0.1506069148835028	1034
